{
  "train_loss": [
    0.2821832232825134,
    0.1484989251698489,
    0.11151282312753408,
    0.09521347717179553,
    0.07183635694015285,
    0.06436737425797416,
    0.04625212427623489,
    0.04007232876231327,
    0.040333051570822766,
    0.027683727604048528,
    0.029494158912364028,
    0.027440437759872545,
    0.023319480324963754,
    0.01756724133273288,
    0.012517385509177668,
    0.012686728356556673,
    0.008769373575658233,
    0.007948595854901689,
    0.009537108383515062,
    0.006588363111412669
  ],
  "train_acc": [
    90.14285714285714,
    94.3061224489796,
    95.75510204081633,
    96.47619047619048,
    97.37414965986395,
    97.52380952380952,
    98.27210884353741,
    98.65306122448979,
    98.578231292517,
    99.04761904761905,
    99.05442176870748,
    99.05442176870748,
    99.14965986394557,
    99.39455782312925,
    99.61224489795919,
    99.58503401360544,
    99.6938775510204,
    99.74829931972789,
    99.65986394557824,
    99.78231292517007
  ],
  "val_loss": [
    0.13059689535881686,
    0.113460610385495,
    0.10383420020360688,
    0.10809456958727102,
    0.12876688639252362,
    0.08506263307333368,
    0.08482398825722295,
    0.08435908229721738,
    0.09304795552430511,
    0.10054906756123834,
    0.09149928746680389,
    0.13375646024139837,
    0.10177010449438563,
    0.09828250364602116,
    0.0886986989075141,
    0.08108468493086585,
    0.08601765389535976,
    0.09405818399424945,
    0.0811029833801678,
    0.09411587382244835
  ],
  "val_acc": [
    94.92063492063492,
    95.74603174603175,
    96.25396825396825,
    95.74603174603175,
    94.88888888888889,
    96.73015873015873,
    97.07936507936508,
    97.04761904761905,
    96.82539682539682,
    97.3015873015873,
    97.26984126984127,
    96.44444444444444,
    97.14285714285714,
    96.92063492063492,
    97.61904761904762,
    97.80952380952381,
    97.58730158730158,
    97.36507936507937,
    97.33333333333333,
    97.33333333333333
  ],
  "learning_rates": [
    0.0001,
    0.0001,
    0.0001,
    0.0001,
    0.0001,
    0.0001,
    0.0001,
    0.0001,
    0.0001,
    0.0001,
    0.0001,
    0.0001,
    0.0001,
    0.0001,
    5e-05,
    5e-05,
    5e-05,
    5e-05,
    5e-05,
    5e-05
  ]
}